Afghanistan,Asia
Albania,Europe
Algeria,Africa
American Samoa,Oceania
Andorra,Europe
Angola,Africa
Antigua and Barbuda,North America
Argentina,South America
Armenia,Europe
Australia,Oceania
Austria,Europe
Azerbaijan,Europe
Bahrain,Asia
Bangladesh,Asia
Barbados,North America
Belarus,Europe
Belgium,Europe
Belize,North America
Benin,Africa
Bermuda,North America
Bhutan,Asia
Bolivia,South America
Bosnia and Herzegovina,Europe
Botswana,Africa
Brazil,South America
Brunei,Asia
Bulgaria,Europe
Burkina Faso,Africa
Burundi,Africa
Cambodia,Asia
Cameroon,Africa
Canada,North America
Cape Verde,Africa
Central African Republic,Africa
Chad,Africa
Chile,South America
China,Asia
Colombia,South America
Comoros,Africa
Congo,Africa
Costa Rica,North America
Cote d'Ivoire,Africa
Croatia,Europe
Cuba,North America
Cyprus,Europe
Czech Republic,Europe
Democratic Republic of the Congo,
Denmark,Africa
Djibouti,Africa
Dominica,North America
Dominican Republic,North America
Ecuador,South America
Egypt,Africa
El Salvador,North America
Equatorial Guinea,Africa
Eritrea,Africa
Estonia,Europe
Ethiopia,Africa
Federated States of Micronesia,Oceania
Fiji,Oceania
Finland,Europe
France,Europe
Gabon,Africa
Georgia,Africa
Germany,Europe
Ghana,Africa
Greece,Europe
Greenland,Europe
Grenada,North America
Guam,Oceania
Guatemala,North America
Guinea,Africa
Guinea-Bissau,Africa
Guyana,South America
Haiti,North America
Honduras,North America
Hungary,Europe
Iceland,Europe
India,Asia
Indonesia,Asia
Iran,Asia
Iraq,Asia
Ireland,Europe
Israel,Asia
Italy,Europe
Jamaica,North America
Japan,Asia
Jordan,Asia
Kazakhstan,Asia
Kenya,Africa
Kiribati,Oceania
Kuwait,Asia
Kyrgyzstan,Asia
Laos,Asia
Latvia,Europe
Lebanon,Asia
Lesotho,Africa
Liberia,Africa
Libya,Africa
Lithuania,Europe
Luxembourg,Europe
Macedonia,Europe
Madagascar,Africa
Malawi,Africa
Malaysia,Asia
Maldives,Asia
Mali,Africa
Malta,Europe
Marshall Islands,Oceania
Mauritania,Africa
Mauritius,Africa
Mexico,North America
Moldova,Europe
Mongolia,Asia
Montenegro,Europe
Morocco,Africa
Mozambique,Africa
Myanmar,Asia
Namibia,Africa
Nepal,Asia
Netherlands,Europe
New Zealand,Oceania
Nicaragua,North America
Niger,Africa
Nigeria,Africa
North Korea,Asia
Northern Mariana Islands,Oceania
Norway,Europe
Oman,Asia
Pakistan,Asia
Palestine,Oceania
Panama,North America
Papua New Guinea,Oceania
Paraguay,South America
Peru,South America
Philippines,Asia
Poland,Europe
Portugal,Europe
Puerto Rico,North America
Qatar,Asia
Romania,Europe
Russian Federation,Asia
Rwanda,Africa
Saint Lucia,North America
Saint Vincent and the Grenadines,North America
Samoa,Oceania
Sao Tome and Principe,
Saudi Arabia,Asia
Senegal,Africa
Serbia,Europe
Seychelles,Africa
Sierra Leone,Africa
Singapore,Asia
Slovakia,Europe
Slovenia,Europe
Solomon Islands,
Somalia,Oceania
South Africa,Africa
South Korea,Africa
South Sudan,Asia
Spain,Europe
Sri Lanka,Asia
Sudan,Africa
Suriname,South America
Swaziland,Africa
Sweden,Europe
Switzerland,Europe
Syria,Asia
Taiwan (Province of China),Asia
Tajikistan,Asia
Tanzania,Africa
Thailand,Asia
The Bahamas,North America
The Gambia,Africa
Timor-Leste,Asia
Togo,Africa
Tonga,Oceania
Trinidad and Tobago,North America
Tunisia,Africa
Turkey,Asia
Turkmenistan,Asia
Uganda,Africa
Ukraine,Europe
United Arab Emirates,Asia
United Kingdom,Europe
United States,North America
Uruguay,South America
Uzbekistan,Asia
Vanuatu,Oceania
Venezuela,South America
Vietnam,Asia
"Virgin Islands, U.S.",North America
Yemen,Asia
Zambia,Africa
Zimbabwe,Africa